,order_id,products
0,25537,48865
1,154886,47209
2,154886,17706
3,154886,13176
4,154886,39928
5,154886,44422
6,154886,43961
7,48591,45537
8,154886,44359
9,154886,47144
10,154886,36011
11,154886,40396
12,154886,9839
13,154886,42193
14,154886,5077
15,154886,47766
16,154886,39160
17,154886,17979
18,154886,26209
20,154886,22888
22,154886,16715
23,154886,42701
24,154886,21903
25,154886,44142
26,154886,24852
27,154886,34969
29,154886,14218
31,154886,1999
32,154886,32433
34,154886,31343
36,154886,33754
37,154886,16797
38,154886,49683
40,154886,43961
41,154886,14159
44,154886,18926
52,154886,7021
53,154886,17794
55,154886,37780
56,154886,28373
58,154886,13535
59,154886,1540
60,154886,41319
61,154886,39475
62,154886,26282
64,154886,12872
65,154886,9472
66,154886,12099
67,154886,23236
69,154886,27307
71,154886,46906
72,154886,26604
76,154886,26620
77,154886,8021
78,154886,10644
80,154886,39877
81,154886,42736
82,154886,34496
83,154886,32177
85,96554,27985
86,154886,21883
88,154886,35221
90,154886,26384
91,154886,47313
99,112579,22935
101,154886,43772
102,154886,24964
103,154886,42342
104,154886,48679
105,154886,36389
106,154886,47209
107,154886,22825
108,154886,13740
110,154886,21137
111,154886,19057
112,154886,30391
113,154886,13176
115,154886,10621
116,154886,35914
117,154886,26604
118,154886,13870
120,154886,35221
125,154886,2825
126,154886,21903
133,154886,27966
135,154886,45374
136,154886,9666
137,154886,20119
138,154886,26620
139,154886,15872
140,154886,1090
141,154886,7948
142,154886,25197
143,154886,15290
148,154886,26384
149,154886,45842
150,154886,27156
153,154886,41950
154,154886,17985
155,154886,14947
156,154886,47766
157,154886,30489
161,154886,37107
162,154886,30391
167,154886,8277
177,154886,37067
178,154886,47630
179,154886,21850
180,151849,42118
181,154886,21513
182,154886,10761
184,154886,37646
185,154886,44948
186,154886,40469
187,154886,2983
188,154886,26282
189,154886,36011
190,154886,11440
191,154886,4656
193,154886,17600
194,154886,32579
195,154886,45763
197,154886,5322
198,154886,42828
200,154886,42460
202,154886,42342
203,154886,22888
204,154886,10749
205,154886,32139
207,154886,24852
210,154886,40233
211,154886,34358
212,154886,13113
214,154886,43961
216,154886,34126
217,154886,30442
218,154886,5876
219,154886,2938
220,154886,28928
222,154886,44560
223,154886,4114
224,154886,22935
226,154886,24372
231,154886,8087
235,154886,24654
236,154886,47759
237,154886,1999
239,154886,9825
240,154886,34530
241,154886,21616
259,154886,2113
261,154886,8195
264,154886,18126
267,154886,43717
268,154886,3243
269,154886,18699
275,154886,29980
277,154886,28730
280,154886,9076
282,154886,48527
284,154886,32300
285,154886,1940
286,154886,29835
287,154886,3429
288,154886,8963
289,154886,35133
290,158015,43073
292,154886,27845
293,154886,33000
294,154886,40174
295,154886,20015
296,154886,31343
297,154886,21137
300,167515,28413
302,154886,13176
303,154886,21903
304,154886,24062
305,226159,10151
306,154886,20842
307,154886,45875
308,154886,6615
309,154886,34969
311,154886,8736
312,154886,24852
313,154886,35951
314,154886,41593
315,154886,32689
316,154886,34358
317,154886,9076
318,154886,2846
319,154886,37276
320,154886,21616
322,154886,4947
323,154886,28993
324,154886,21903
325,154886,436
326,154886,49683
329,154886,31506
330,154886,34295
332,154886,12980
333,154886,28934
334,154886,1360
335,154886,29987
336,154886,25890
339,154886,42265
341,154886,14102
342,154886,22620
343,154886,20029
344,154886,42122
345,154886,32465
346,154886,33279
350,154886,29487
353,154886,11030
354,154886,37119
355,154886,11005
363,154886,47766
364,154886,21872
365,154886,35530
368,154886,35163
370,154886,19797
372,154886,17828
373,154886,21385
375,154886,44514
376,154886,47388
377,154886,33245
379,154886,41007
380,154886,17878
381,154886,42244
382,154886,38596
383,154886,2360
384,246621,31555
385,154886,10151
386,154886,5640
388,154886,11307
389,154886,28204
390,154886,18988
391,154886,25804
392,154886,31020
393,154886,23955
394,154886,24852
396,154886,6901
397,154886,43703
398,154886,43352
400,154886,48840
401,154886,26604
403,154886,30661
404,154886,39275
405,154886,27663
407,154886,23205
408,154886,18727
409,154886,17194
410,154886,27466
411,154886,17744
414,257537,40516
415,154886,41065
416,154886,45104
417,154886,9076
418,154886,20319
419,154886,44580
420,154886,11945
421,267958,24135
422,154886,10473
423,154886,14161
424,154886,32403
425,154886,15541
426,154886,48733
427,154886,32478
428,154886,13575
429,154886,19691
430,154886,46931
433,154886,9434
434,279498,30450
435,154886,36865
436,154886,13829
437,154886,7412
438,154886,8277
441,297518,6948
443,154886,19660
445,154886,48628
446,154886,1301
448,154886,13176
449,154886,6809
450,154886,34496
451,154886,5646
452,154886,48023
453,154886,6187
454,154886,29898
455,154886,39619
456,154886,29474
458,154886,25043
459,154886,23836
462,154886,9076
463,154886,7156
464,154886,13877
466,154886,49683
467,154886,24852
468,154886,47766
469,154886,25659
470,154886,27845
471,154886,29195
472,154886,42701
474,154886,31506
475,154886,2078
476,154886,40593
477,154886,40545
479,154886,48679
480,154886,47626
485,154886,21938
486,154886,33352
487,154886,6104
488,154886,9597
489,154886,8670
490,154886,37687
491,154886,19446
492,154886,37524
493,320249,9434
495,335648,18599
496,154886,48395
497,154886,23352
498,154886,27196
499,154886,6846
500,154886,46041
503,343015,22888
504,154886,25890
505,154886,24852
507,154886,11619
510,154886,17794
511,154886,13829
513,154886,39275
514,154886,13198
516,154886,21137
517,154886,32950
518,154886,13629
519,154886,16797
525,385731,2859
526,154886,39275
527,154886,14897
528,154886,41362
529,154886,24852
530,154886,19607
531,154886,4920
534,154886,19263
535,154886,42386
536,154886,1338
537,154886,11009
538,154886,31553
539,154886,11075
540,154886,18019
541,154886,6631
542,154886,28842
543,154886,42731
544,154886,21333
545,154886,40759
546,154886,2745
547,154886,13083
548,154886,8481
549,154886,27191
550,423798,26177
551,154886,32578
554,154886,8174
555,154886,8277
556,154886,23622
557,154886,47209
559,154886,27730
560,154886,1529
561,154886,6291
565,481881,20682
566,154886,31210
567,154886,30323
568,154886,20119
569,154886,44632
570,154886,46842
571,154886,45531
572,154886,28221
573,154886,24713
574,154886,38511
575,154886,8278
576,154886,34092
577,154886,17341
578,154886,43428
579,154886,42183
580,154886,20440
584,154886,35594
587,154886,29095
588,154886,23224
591,154886,2814
592,154886,35587
593,154886,17316
594,154886,1006
595,154886,14553
596,154886,33701
597,154886,10673
599,154886,32285
600,154886,6099
601,154886,31678
602,154886,21792
603,154886,17200
604,154886,42356
605,154886,32315
606,154886,30338
607,154886,14312
609,154886,12395
611,154886,34197
612,154886,30391
613,154886,40377
614,154886,1374
615,154886,15226
616,154886,47209
617,154886,18090
618,154886,46667
619,154886,15737
620,154886,37687
621,154886,43760
622,154886,19706
624,154886,21057
625,154886,45965
629,154886,43789
630,154886,45007
631,154886,5876
632,154886,10517
634,154886,26209
635,154886,41950
636,154886,33198
637,154886,24838
639,154886,6651
642,154886,2086
643,154886,37257
645,154886,21616
646,154886,14355
647,154886,27966
648,154886,3849
649,154886,42479
651,154886,26800
652,154886,17871
653,154886,35547
654,154886,17948
655,154886,10095
657,154886,11520
658,154886,31772
659,154886,38456
663,154886,31444
665,154886,16965
666,154886,45161
667,154886,20175
668,154886,19351
669,154886,27780
670,154886,25745
671,154886,276
672,154886,17334
673,504816,9583
674,154886,20392
675,154886,44820
681,154886,5025
682,154886,39984
683,154886,35217
684,154886,25138
685,154886,21077
686,154886,30720
687,154886,40708
688,154886,30027
689,154886,5912
690,154886,21405
691,154886,20600
692,154886,9444
695,154886,41972
700,154886,5266
701,154886,47209
702,154886,47388
703,154886,43945
704,154886,20114
705,154886,8479
706,154886,21616
708,154886,20427
709,154886,49383
710,154886,9387
711,154886,45535
715,154886,25741
716,154886,27451
717,154886,43712
719,154886,25256
720,154886,30406
721,154886,39812
722,154886,6104
723,154886,38642
724,154886,4562
725,154886,41610
726,154886,47630
727,154886,26901
728,154886,16759
729,154886,21903
730,154886,8500
732,154886,46979
734,154886,29487
737,154886,11526
744,154886,31506
763,547947,47209
764,154886,45645
765,154886,35951
768,154886,44734
772,154886,18693
774,154886,21267
775,154886,47766
777,154886,24852
778,154886,22935
792,583741,48192
793,154886,44331
794,154886,29006
795,154886,17008
796,154886,24852
797,154886,16159
798,154886,44929
799,154886,1986
800,154886,40484
801,154886,40557
802,154886,16818
804,154886,23763
805,154886,4920
809,154886,5450
812,154886,47242
813,154886,43632
814,154886,11379
815,154886,41844
816,154886,5077
817,154886,38714
818,154886,26283
819,154886,33614
820,154886,17678
822,154886,23763
824,154886,2305
826,154886,21137
827,154886,43352
828,154886,1181
832,154886,21333
833,154886,15134
841,154886,37065
854,660665,25890
855,154886,24964
856,154886,10248
857,154886,12745
863,154886,16797
864,154886,26497
866,154886,17484
868,154886,49683
869,154886,9076
870,154886,46906
872,154886,25340
875,154886,35233
876,154886,15143
878,154886,10768
879,154886,46257
880,154886,16793
881,154886,39972
884,154886,29432
885,154886,11046
886,683682,16953
887,154886,5818
888,154886,34615
889,154886,46023
891,154886,32784
892,154886,1979
893,154886,26172
894,154886,31323
896,154886,46979
897,154886,6789
898,154886,9864
899,154886,28553
900,154886,37066
901,154886,38890
902,154886,32658
903,154886,23955
904,154886,4889
907,154886,32971
920,694685,46979
921,154886,7877
922,154886,8424
923,154886,44142
924,154886,44944
925,154886,13393
926,154886,14197
927,154886,23341
928,154886,44911
929,154886,44697
930,154886,48205
931,154886,27841
933,154886,20378
934,710741,26209
936,154886,17634
937,154886,17223
938,154886,264
939,154886,2120
940,154886,28842
941,154886,30824
942,154886,8501
943,154886,24215
945,154886,42916
946,154886,10569
948,154886,28275
950,154886,20995
952,154886,38003
953,154886,10134
955,154886,18404
958,154886,43789
959,154886,31608
961,154886,20215
965,154886,28387
967,154886,2092
978,723474,28465
979,154886,24852
980,154886,3957
981,154886,26604
982,154886,48058
983,154886,13806
984,154886,16262
985,154886,33705
986,154886,6489
988,154886,37792
989,154886,44765
990,154886,24976
992,154886,16797
993,154886,28199
994,154886,43122
998,154886,42183
999,154886,21376
1000,154886,30962
1002,154886,2368
1005,154886,29127
1006,154886,30658
1007,154886,18531
1008,154886,40777
1010,154886,5757
1011,154886,8555
1012,154886,4781
1013,154886,1712
1014,154886,35594
1015,154886,32747
1019,154886,45104
1025,154886,30776
1042,732895,1408
1043,154886,19875
1046,154886,19660
1048,154886,27156
1049,154886,47766
1050,154886,43369
1051,154886,4957
1052,749661,33000
1053,154886,41618
1054,154886,40332
1055,154886,4006
1056,154886,8615
1059,154886,49492
1060,154886,29503
1061,154886,49325
1062,154886,7376
1063,154886,39097
1064,154886,38789
1066,154886,40767
1067,154886,16696
1068,154886,47097
1072,154886,19496
1073,154886,41709
1076,154886,6587
1077,154886,7644
1079,154886,5730
1080,154886,41711
1081,154886,7933
1082,154886,11014
1083,154886,19145
1084,154886,45683
1085,154886,38166
1086,154886,44342
1087,154886,28682
1088,154886,39581
1089,154886,10676
1090,154886,35921
1091,154886,35221
1092,154886,12894
1093,753014,28204
1094,154886,8518
1106,154886,27476
1110,154886,26554
1111,154886,46692
1112,154886,20305
1117,154886,13388
1118,154886,24920
1120,154886,11645
1124,154886,27954
1131,786636,13176
1132,154886,21137
1134,796475,42536
1136,154886,33065
1138,154886,19350
1140,154886,46654
1141,154886,42719
1143,154886,33443
1145,154886,24852
1146,154886,47766
1147,154886,25010
1148,154886,19546
1149,154886,23296
1150,154886,40198
1151,154886,10603
1152,154886,24846
1153,154886,9076
1155,154886,27966
1156,154886,20344
1158,802248,46979
1159,154886,24964
1161,154886,48679
1163,154886,8174
1164,154886,5876
1166,154886,25659
1167,154886,4796
1168,154886,2846
1171,154886,24082
1172,154886,37524
1173,154886,24489
1174,154886,28985
1175,154886,4799
1176,154886,329
1177,154886,39121
1178,154886,8021
1179,154886,22234
1180,154886,31717
1182,154886,43889
1183,154886,30450
1184,154886,3835
1186,154886,17794
1187,154886,25931
1188,154886,26638
1189,154886,45200
1190,154886,30290
1191,154886,17948
1193,154886,26209
1194,154886,34243
1195,154886,14814
1196,154886,24838
1198,154886,35629
1201,154886,5250
1202,154886,27845
1203,154886,19660
1204,154886,14874
1209,154886,37011
1211,154886,9020
1212,154886,47521
1213,154886,27554
1216,154886,5479
1217,154886,21295
1218,154886,46820
1219,154886,20061
1220,154886,11005
1223,154886,36695
1225,154886,36724
1226,154886,46720
1229,154886,27241
1231,154886,36522
1232,154886,39984
1235,154886,44359
1238,154886,5450
1239,154886,36164
1242,154886,49044
1243,154886,30192
1244,154886,5491
1247,154886,8193
1248,154886,2825
1255,154886,31504
1256,154886,10904
1257,154886,14129
1262,154886,36034
1264,154886,27521
1265,154886,8277
1266,154886,41149
1267,154886,16927
1268,154886,79
1269,154886,16759
1270,154886,13176
1271,154886,23008
1272,154886,46688
1273,154886,47672
1274,154886,16589
1275,154886,35535
1276,154886,39468
1277,154886,37022
1278,154886,12206
1279,154886,8912
1280,154886,21169
1281,154886,41177
1282,154886,39275
1283,154886,39928
1284,154886,9521
1285,154886,4792
1287,154886,5077
1289,154886,46650
1290,154886,25469
1291,154886,41220
1293,154886,38185
1294,154886,37646
1295,154886,44142
1297,154886,32478
1298,154886,34358
1303,154886,33754
1305,154886,38400
1317,829301,28204
1319,154886,21137
1320,154886,24852
1322,154886,47766
1323,154886,24024
1326,154886,46676
1327,154886,41220
1329,154886,31717
1330,154886,47626
1331,154886,27344
1332,154886,31506
1333,154886,2855
1334,154886,28745
1335,154886,45066
1336,154886,45
1338,154886,49235
1340,154886,43961
1342,154886,11104
1344,154886,42837
1345,154886,22935
1346,154886,26209
1348,154886,13380
1349,154886,40198
1350,154886,46886
1351,154886,5994
1352,154886,33294
1353,154886,17871
1356,154886,28058
1357,154886,27323
1359,154886,47209
1360,154886,40396
1361,154886,21903
1363,154886,11576
1364,154886,21616
1365,154886,34243
1366,154886,23541
1368,154886,4294
1370,154886,39667
1372,154886,19820
1373,154886,40706
1375,154886,3464
1376,154886,37646
1377,154886,32436
1378,154886,46627
1379,154886,29926
1380,154886,651
1381,154886,36695
1387,154886,44632
1389,154886,36737
1392,154886,20114
1393,154886,18839
1395,154886,19049
1396,154886,42762
1399,154886,13176
1400,154886,49401
1403,154886,10385
1404,154886,46667
1407,154886,19678
1411,154886,29013
1414,154886,21295
1418,154886,35217
1419,154886,10132
1422,154886,22035
1425,154886,32433
1426,154886,37011
1427,154886,37464
1430,154886,27104
1431,154886,17794
1433,154886,35163
1436,154886,4855
1437,154886,45679
1439,154886,32553
1440,154886,27086
1441,154886,33731
1442,154886,46650
1444,154886,44514
1445,154886,8277
1446,154886,41950
1447,154886,42625
1448,154886,8518
1449,154886,9515
1450,154886,26497
1451,154886,8424
1452,154886,45948
1453,154886,13853
1454,154886,37158
1455,154886,5618
1456,154886,3634
1457,154886,41177
1458,154886,27548
1459,154886,6238
1460,862513,48034
1461,154886,20738
1463,154886,30764
1464,154886,22362
1465,154886,16797
1466,154886,13176
1468,154886,13575
1469,154886,6184
1470,154886,46516
1471,154886,31651
1484,872800,32096
1486,154886,32035
1489,154886,47626
1490,154886,13517
1491,154886,28849
1495,154886,35992
1496,154886,4605
1498,154886,35871
1499,154886,40706
1501,154886,25890
1502,154886,31717
1503,154886,26384
1505,154886,10814
1506,154886,17794
1507,154886,41570
1509,154886,27086
1510,154886,35855
1511,154886,42736
1512,154886,397
1513,154886,24852
1514,154886,16185
1516,154886,37646
1517,154886,22451
1518,154886,37335
1519,154886,32253
1520,154886,9515
1521,154886,36929
1522,154886,43076
1523,154886,37637
1524,154886,36772
1525,154886,40198
1526,154886,16823
1527,154886,44987
1531,154886,46886
1532,154886,890
1533,154886,10243
1534,154886,22395
1536,154886,31215
1539,154886,5024
1540,154886,39054
1541,154886,13807
1546,154886,19678
1547,154886,7021
1557,154886,8021
1560,154886,11712
1562,154886,4210
1564,154886,7461
1567,154886,21903
1569,154886,34126
1570,154886,40593
1571,154886,10017
1573,154886,22142
1574,154886,39558
1575,154886,39408
1576,154886,18434
1577,154886,29987
1578,884802,46849
1579,901577,40706
1582,154886,21137
1587,154886,13176
1588,154886,46069
1589,154886,34270
1591,154886,25630
1593,154886,10339
1596,154886,49519
1597,154886,5487
1598,154886,27729
1599,154886,35504
1604,154886,27966
1606,154886,20327
1607,154886,33198
1610,154886,47866
1612,154886,6489
1613,154886,6587
1614,154886,8277
1636,908966,14874
1637,154886,33731
1638,154886,5876
1639,154886,46206
1642,154886,39275
1645,154886,28392
1646,154886,8174
1647,937297,22754
1648,154886,24831
1650,154886,11461
1651,154886,28842
1652,154886,5450
1653,154886,29487
1654,154886,4210
1655,154886,24852
1656,154886,7736
1657,154886,44799
1658,154886,17859
1659,154886,20171
1661,154886,23892
1662,154886,27963
1664,154886,16478
1665,154886,5818
1666,154886,34092
1667,154886,22831
1668,154886,35825
1669,154886,14875
1670,154886,29503
1671,154886,2232
1672,154886,32734
1673,154886,45488
1675,154886,12872
1676,154886,22090
1677,154886,8512
1678,154886,130
1679,154886,28749
1681,154886,31022
1682,154886,18201
1684,154886,29650
1685,154886,34234
1687,154886,27827
1688,154886,42315
1689,154886,19003
1690,154886,27570
1691,154886,24622
1692,154886,40630
1693,154886,8193
1694,154886,6347
1695,940107,43352
1696,154886,30246
1697,154886,47402
1698,154886,38768
1699,154886,12341
1700,154886,13176
1701,154886,16797
1702,154886,8384
1703,154886,35395
1704,154886,19972
1705,154886,5258
1706,154886,42475
1707,154886,9358
1709,154886,23537
1710,154886,33081
1711,154886,11266
1715,154886,47788
1716,154886,20940
1717,154886,7987
1718,154886,12899
1719,154886,31846
1720,154886,42282
1722,154886,33768
1728,154886,30450
1730,154886,5769
1731,154886,46802
1733,154886,21288
1736,154886,25588
1737,154886,10326
1745,154886,39275
1746,154886,25170
1748,154886,30751
1749,154886,280
1754,154886,42265
1756,956486,21513
1757,154886,14852
1758,154886,7806
1759,154886,36011
1761,154886,44061
1762,154886,47743
1763,154886,12140
1770,154886,35561
1771,154886,28211
1773,154886,5971
1774,154886,15790
1776,154886,35053
1777,154886,13176
1779,154886,46802
1782,1000196,48642
1783,154886,40199
1787,154886,44632
1789,154886,27044
1793,154886,29996
1795,154886,13852
1798,154886,37276
1799,154886,20967
1805,1014120,24852
1806,154886,47630
1808,154886,17122
1809,154886,27845
1811,154886,44632
1813,1118005,11520
1814,154886,37417
1815,154886,37067
1816,154886,27344
1817,154886,21137
1818,154886,3793
1819,154886,40723
1820,154886,12018
1821,154886,22935
1822,154886,10749
1825,154886,10279
1827,154886,15666
1828,154886,2707
1829,154886,1940
1831,154886,42460
1832,154886,5535
1833,154886,33222
1834,154886,28204
1835,154886,49683
1836,154886,47766
1837,154886,12569
1842,154886,27360
1845,154886,16419
1846,154886,8424
1852,154886,14897
1854,154886,27283
1855,154886,7862
1857,154886,4317
1858,154886,15134
1868,1167958,23400
1869,154886,41544
1870,154886,12075
1872,154886,47766
1886,1190085,33120
1887,154886,33731
1888,154886,31238
1889,154886,32139
1890,154886,23375
1891,154886,14992
1893,154886,24852
1894,154886,28373
1897,154886,16797
1898,154886,13535
1899,154886,18370
1902,154886,27829
1903,154886,2452
1904,154886,42585
1906,154886,7781
1907,154886,24841
1908,154886,36011
1913,1198689,32478
1914,154886,23341
1915,154886,45063
1927,154886,28008
1928,154886,43772
1932,154886,642
1933,154886,16797
1934,154886,46584
1935,154886,24852
1936,154886,45624
1938,154886,19660
1939,154886,12456
1940,154886,7707
1941,154886,17461
1942,154886,48679
1943,154886,47209
1944,154886,36848
1945,154886,25824
1946,154886,6972
1948,154886,8277
1949,154886,28576
1950,1266771,37067
1951,154886,21903
1952,154886,23634
1953,154886,47766
1954,154886,20127
1955,154886,18286
1956,154886,39990
1957,1274271,25169
1958,154886,2966
1959,154886,2535
1960,154886,28373
1961,154886,44375
1962,1321238,28993
1963,154886,13380
1967,154886,39275
1968,154886,46988
1970,154886,24852
1971,154886,35093
1975,154886,41950
1979,154886,21938
1981,154886,28572
1991,1348986,8048
1992,154886,12341
1995,154886,890
1996,1353737,3298
1997,154886,6680
2020,1370824,36472
2021,154886,22507
2024,154886,31651
2025,154886,41400
2030,154886,32455
2034,154886,31720
2035,1381009,17795
2038,154886,43183
2039,154886,29487
2040,154886,32211
2041,154886,24852
2042,154886,1117
2043,154886,4605
2044,154886,17791
2046,154886,23909
2047,154886,28931
2049,154886,6867
2050,154886,31573
2051,154886,27985
2056,154886,28842
2058,154886,44799
2059,154886,8424
2061,154886,6046
2064,154886,15424
2067,154886,41787
2068,154886,45363
2069,154886,23803
2081,154886,32331
2100,1382747,13166
2101,1398052,28676
2102,154886,24841
2103,154886,21137
2104,154886,31506
2106,154886,28199
2108,154886,7088
2109,154886,2108
2110,154886,27966
2111,154886,27845
2112,154886,34249
2114,154886,13517
2116,154886,25577
2117,154886,12395
2118,154886,35951
2119,154886,21616
2120,154886,13176
2123,154886,27521
2124,154886,17794
2125,154886,47629
2126,154886,21903
2129,154886,18479
2131,154886,43086
2134,154886,36695
2135,154886,16349
2141,154886,40268
2159,1415274,196
2160,154886,7862
2161,154886,17679
2163,1422023,4329
2165,154886,41519
2167,1426593,26370
2168,154886,14464
2169,1428740,8193
2170,154886,47766
2172,154886,34466
2173,154886,12980
2174,154886,24838
2175,154886,28842
2176,154886,38383
2177,154886,13176
2178,154886,39094
2179,154886,30776
2180,154886,35883
2181,154886,2091
2182,154886,5438
2185,154886,46778
2189,154886,31015
2190,154886,37687
2196,1434044,13176
2197,1436829,47780
2198,154886,42342
2199,154886,1529
2200,154886,9551
2201,154886,37488
2202,154886,4210
2203,154886,40723
2204,154886,42265
2205,154886,15030
2206,1437745,37029
2207,154886,14917
2208,154886,40571
2209,154886,33682
2210,154886,33754
2211,154886,18523
2212,154886,4957
2213,154886,40709
2214,154886,33787
2215,154886,24177
2216,1444103,46979
2217,154886,33540
2218,154886,24964
2219,154886,21903
2220,154886,22035
2221,154886,24852
2222,154886,2078
2223,154886,48679
2224,154886,32950
2225,154886,28985
2226,154886,9020
2227,154886,17600
2228,154886,27845
2229,154886,8518
2230,154886,22474
2231,154886,45007
2232,154886,40530
2233,154886,11352
2234,154886,27999
2235,154886,30949
2236,154886,19048
2237,154886,48745
2238,154886,47986
2239,154886,6336
2240,154886,41920
2241,154886,8424
2242,154886,30391
2243,154886,15872
2244,154886,24583
2245,154886,42265
2246,154886,30881
2247,154886,41149
2248,154886,40706
2249,154886,26790
2250,1448075,44449
2251,154886,21195
2252,1500350,15462
2253,154886,5450
2254,154886,21137
2256,154886,24852
2257,154886,47766
2263,1501815,8803
2264,154886,39108
2267,154886,46149
2272,154886,31805
2276,154886,21903
2277,154886,12341
2279,154886,42265
2280,154886,13176
2288,154886,27413
2299,1537714,17634
2300,154886,24852
2301,154886,39993
2303,154886,16797
2304,154886,38400
2306,154886,45066
2309,154886,36685
2311,154886,30489
2315,154886,1181
2322,154886,5450
2325,154886,13874
2326,154886,23288
2327,154886,1534
2328,154886,26209
2329,154886,48440
2333,154886,10673
2334,154886,7628
2335,154886,34712
2347,154886,38444
2355,154886,14348
2361,1553987,26209
2365,154886,15613
2366,154886,10814
2367,154886,43394
2376,154886,36070
2377,154886,47626
2378,154886,28204
2379,154886,16398
2380,154886,22959
2382,154886,28985
2384,154886,45066
2385,154886,27437
2386,154886,31343
2388,154886,37496
2389,154886,14780
2390,154886,17807
2391,154886,8277
2392,154886,13176
2393,154886,26209
2394,154886,1158
2395,154886,9076
2396,154886,42244
2397,154886,44422
2398,1563522,36418
2399,154886,39621
2401,154886,30953
2402,154886,3339
2404,154886,41329
2405,154886,4372
2406,154886,19446
2407,154886,47766
2408,154886,26369
2409,154886,40706
2412,154886,36550
2415,154886,37524
2417,154886,24884
2418,154886,13176
2419,154886,24852
2420,154886,27949
2422,154886,41540
2423,154886,47209
2424,154886,4421
2425,154886,2063
2426,154886,27509
2429,154886,24385
2430,154886,5652
2433,154886,40396
2434,154886,1880
2435,154886,11710
2438,154886,38777
2440,154886,23288
2441,154886,2780
2442,154886,34137
2443,154886,18656
2444,154886,4288
2445,154886,23712
2446,154886,7411
2447,154886,24224
2448,154886,24035
2449,154886,3248
2450,154886,15576
2453,154886,17794
2454,154886,47209
2458,154886,19057
2459,154886,24964
2479,1592997,41024
2480,154886,39275
2481,154886,33198
2486,154886,21288
2488,1605738,1408
2489,154886,8193
2490,154886,40706
2491,154886,47626
2492,154886,38159
2493,154886,21903
2494,154886,21137
2495,154886,24852
2496,154886,25890
2497,154886,31915
2498,154886,16185
2499,154886,48186
2500,154886,39877
2501,154886,45002
2502,154886,34126
2503,154886,49235
2505,154886,32864
2506,154886,18531
2507,154886,32230
2508,154886,39275
2509,154886,46979
2510,154886,24964
2512,154886,47766
2514,154886,42265
2515,154886,29987
2516,154886,21413
2517,154886,22825
2518,154886,21938
2519,154886,46667
2520,154886,8424
2521,154886,44142
2522,154886,37119
2523,154886,38273
2524,154886,28289
2527,154886,42828
2528,154886,38734
2529,154886,37335
2530,154886,27355
2532,154886,37158
2533,154886,9515
2535,154886,42736
2537,154886,43129
2538,154886,31388
2539,154886,33352
2540,154886,20842
2545,154886,19706
2550,154886,24382
2555,154886,22260
2560,154886,14267
2562,154886,21616
2563,154886,39249
2567,154886,283
2569,154886,31288
2570,154886,37947
2571,154886,12745
2573,154886,26915
2574,154886,11737
2575,154886,10768
2579,154886,10912
2580,154886,48775
2581,154886,16824
2582,154886,38777
2583,154886,14814
2584,154886,47209
2585,154886,4562
2586,154886,9597
2587,154886,39984
2588,154886,9210
2589,154886,40174
2590,154886,24184
2591,154886,43999
2592,154886,22035
2593,154886,15399
2594,1609140,37646
2595,154886,35951
2596,154886,27663
2597,154886,44910
2598,154886,18514
2599,154886,46194
2600,154886,12283
2601,154886,2067
2604,154886,21903
2605,154886,6962
2608,154886,40268
2609,154886,4462
2610,154886,6656
2611,154886,21019
2612,154886,38159
2614,154886,17568
2616,154886,2091
2618,154886,11777
2619,154886,32846
2620,154886,18523
2621,154886,40541
2622,154886,41950
2623,154886,30290
2624,154886,47209
2625,154886,43789
2626,154886,34969
2627,154886,40571
2628,154886,863
2630,154886,13984
2632,154886,47626
2633,154886,46667
2634,154886,21903
2635,154886,9839
2637,154886,3481
2639,154886,13176
2640,1628123,25544
2641,154886,36126
2643,154886,21903
2644,154886,41840
2645,154886,41328
2647,154886,9689
2648,154886,32864
2649,154886,39040
2650,154886,29801
2651,154886,48017
2653,154886,45364
2654,154886,23395
2655,154886,24852
2657,154886,26283
2659,154886,5922
2660,154886,40706
2661,154886,2086
2662,154886,36315
2663,154886,41437
2664,154886,16965
2665,154886,45
2666,154886,44628
2667,154886,47225
2668,154886,8138
2669,154886,21019
2670,154886,2361
2671,154886,47209
2673,154886,23622
2674,154886,21137
2675,154886,7510
2676,154886,46206
2677,154886,13249
2679,154886,27061
2680,154886,49683
2683,154886,16616
2688,154886,32911
2690,154886,16168
2691,154886,28465
2692,154886,25223
2693,154886,39977
2694,154886,8574
2695,154886,29557
2699,154886,34249
2701,154886,44275
2705,1641627,13032
2707,154886,22218
2709,154886,26405
2712,1652207,47144
2713,154886,3599
2714,154886,21137
2717,154886,29941
2718,154886,3957
2720,154886,21766
2724,154886,31683
2725,154886,10341
2726,154886,38374
2727,154886,13740
2728,154886,13772
2729,154886,38313
2733,154886,13176
2735,154886,32099
2736,154886,1516
2737,154886,35188
2739,154886,20564
2740,154886,1823
2741,154886,29262
2747,154886,14715
2766,1671399,17251
2767,154886,27364
2768,154886,18198
2770,154886,42162
2772,154886,17615
2773,1695529,2536
2774,154886,5349
2776,154886,16647
2779,1701792,20995
2780,154886,33351
2781,154886,13526
2783,154886,13853
2784,154886,42495
2785,154886,46307
2787,154886,28204
2788,154886,48205
2789,154886,15599
2790,154886,13263
2791,154886,32689
2793,154886,2295
2795,154886,46654
2796,154886,3999
2798,154886,35042
2799,154886,42423
2800,154886,17703
2801,154886,5385
2802,154886,46479
2804,154886,35761
2805,154886,45938
2806,154886,17119
2807,154886,27415
2808,154886,16797
2809,154886,37011
2810,154886,24114
2812,154886,40332
2815,154886,33122
2816,154886,516
2817,154886,49381
2818,154886,10673
2819,154886,41714
2820,154886,46979
2821,154886,12779
2822,154886,47766
2823,154886,31387
2824,154886,23341
2825,154886,13077
2826,154886,23687
2827,154886,48290
2828,154886,33443
2829,154886,16489
2831,1730007,5428
2832,154886,18465
2833,154886,40706
2834,154886,45763
2835,154886,22757
2836,154886,47766
2837,154886,27966
2838,154886,22825
2840,154886,21137
2841,154886,42265
2842,154886,35547
2843,154886,21616
2846,154886,39928
2847,154886,9076
2848,154886,13176
2849,154886,4086
2850,154886,16747
2851,154886,25340
2852,154886,39877
2853,154886,29941
2855,154886,47209
2856,154886,38996
2858,154886,8174
2859,154886,45
2864,1740442,32016
2867,154886,4455
2869,154886,13176
2871,154886,44632
2872,154886,14947
2875,1757471,15872
2876,154886,43713
2877,154886,37825
2878,154886,27845
2879,154886,44359
2880,154886,17224
2881,154886,5322
2882,154886,18027
2883,154886,31371
2884,154886,35951
2886,154886,17429
2887,154886,26324
2888,154886,16759
2889,154886,33788
2890,154886,24620
2891,154886,47766
2892,154886,30391
2893,154886,13176
2894,154886,16185
2895,154886,35163
2896,154886,41220
2897,154886,48775
2898,154886,40723
2899,154886,17948
2900,154886,26177
2901,154886,36865
2902,154886,25767
2903,154886,40233
2904,154886,43662
2905,154886,36178
2906,154886,38557
2907,154886,24799
2908,154886,27548
2909,154886,48679
2910,154886,8518
2911,154886,41950
2912,154886,23094
2913,1757557,34658
2914,154886,6218
2915,154886,31371
2917,154886,37646
2918,154886,8277
2919,154886,35221
2920,154886,36216
2921,154886,21385
2922,154886,28745
2923,154886,19057
2925,154886,37158
2928,154886,28851
2935,154886,12341
2937,154886,33043
2938,154886,13733
2939,1773665,33352
2943,1774084,15200
2944,154886,40706
2945,154886,5477
2946,154886,11143
2948,154886,47209
2949,154886,39180
2950,154886,45613
2951,154886,19057
2953,154886,46069
2954,154886,36406
2955,154886,30391
2956,154886,21560
2957,154886,43961
2958,154886,28278
2959,154886,39643
2960,154886,44517
2961,154886,39275
2962,154886,10385
2964,154886,6292
2965,154886,13147
2966,154886,49175
2967,154886,47223
2968,154886,49156
2969,154886,44359
2971,154886,13838
2973,154886,14678
2975,154886,19048
2977,154886,35887
2981,154886,19678
2982,154886,23695
2985,154886,34134
2988,154886,38256
2992,154886,21137
3002,1785664,34269
3003,154886,48129
3005,154886,6410
3007,154886,44142
3008,154886,34449
3009,154886,24852
3010,154886,29078
3011,154886,30584
3013,154886,16797
3014,154886,11422
3016,154886,47626
3017,154886,26219
3019,154886,39993
3022,154886,14927
3029,154886,13684
3030,154886,15802
3040,1798138,196
3041,154886,49610
3042,154886,9358
3043,154886,17902
3044,154886,36051
3045,154886,8953
3046,154886,43352
3047,154886,130
3052,1828270,41680
3053,154886,44654
3054,154886,32519
3055,154886,1217
3056,154886,14146
3057,154886,42888
3058,154886,25544
3060,154886,8939
3062,154886,4749
3063,154886,3800
3064,154886,32784
3069,154886,9106
3071,154886,37982
3072,154886,8732
3073,154886,1263
3075,154886,4210
3076,154886,3967
3081,154886,20561
3082,154886,1179
3083,154886,13885
3084,154886,4648
3085,154886,17116
3086,154886,24908
3087,154886,3917
3088,1882902,43394
3089,154886,26940
3098,1885136,8571
3099,154886,21573
3100,154886,13197
3101,1888987,24852
3102,154886,23637
3103,154886,37113
3104,154886,46222
3108,1895189,27973
3109,154886,36070
3110,154886,45007
3111,154886,21167
3112,154886,12980
3113,154886,12888
3114,154886,15290
3115,154886,26351
3116,1913806,47977
3117,154886,40459
3118,154886,39442
3119,154886,36085
3120,154886,43352
3122,1932919,27104
3123,154886,43300
3124,154886,45957
3125,154886,32201
3126,154886,44781
3127,154886,9517
3129,154886,30391
3130,154886,13176
3131,154886,10814
3132,154886,49585
3133,154886,32665
3134,154886,21903
3135,154886,33120
3136,154886,5184
3137,154886,10017
3138,154886,15592
3140,154886,47209
3141,154886,5161
3142,154886,10540
3143,154886,28985
3151,154886,28123
3152,154886,21903
3157,154886,40486
3158,1996735,40706
3160,154886,28199
3161,154886,19051
3162,154886,343
3163,154886,2971
3165,154886,47223
3166,154886,40587
3168,154886,28535
3169,154886,4920
3171,154886,11182
3172,154886,43352
3173,154886,17948
3175,154886,14870
3176,154886,39560
3177,154886,21019
3178,154886,25931
3180,154886,25043
3181,154886,46627
3182,154886,45957
3183,154886,14633
3184,154886,8693
3185,2011094,196
3186,154886,21349
3187,154886,4991
3188,154886,23909
3189,154886,31951
3190,154886,43319
3192,154886,11863
3197,154886,43459
3201,154886,31907
3204,2026512,42633
3205,2036545,42736
3206,154886,22035
3207,154886,27573
3209,154886,44765
3212,154886,40174
3215,154886,33043
3217,154886,38689
3218,154886,12099
3226,2057611,18434
3227,154886,329
3229,154886,21137
3231,154886,3988
3232,154886,20158
3233,154886,45066
3235,154886,31343
3236,154886,9839
3237,154886,44786
3238,154886,13269
3239,154886,13176
3240,154886,24385
3241,154886,48486
3242,154886,27117
3243,154886,5456
3244,154886,31506
3245,154886,17619
3246,154886,24184
3247,154886,42297
3248,154886,8251
3250,154886,2825
3251,154886,42768
3252,154886,36496
3253,154886,14483
3254,154886,45977
3255,154886,31015
3256,154886,35369
3257,154886,46906
3259,154886,41177
3260,154886,13535
3261,154886,8555
3262,154886,18413
3263,154886,25588
3264,154886,28278
3265,154886,24706
3266,154886,25138
3268,154886,41588
3271,154886,47626
3274,154886,27966
3275,154886,3464
3276,154886,46667
3277,154886,34451
3278,154886,13076
3279,154886,38844
3280,154886,11520
3281,154886,30146
3282,154886,27845
3283,154886,31717
3284,154886,43789
3286,154886,22260
3287,154886,22935
3288,154886,10998
3289,154886,30236
3290,154886,13802
3291,154886,26209
3292,154886,17794
3293,154886,1158
3294,154886,27241
3295,154886,1577
3296,154886,12060
3297,2076445,13504
3298,154886,14850
3299,154886,10403
3300,154886,1788
3301,154886,16411
3303,154886,19981
3304,154886,40338
3305,154886,31987
3306,154886,29363
3307,154886,19511
3308,154886,23288
3309,154886,31610
3310,154886,47931
3311,154886,17340
3312,154886,894
3313,154886,35584
3314,154886,34883
3315,154886,40009
3316,154886,37611
3318,154886,29299
3319,154886,10613
3320,154886,49062
3321,154886,31848
3322,154886,13643
3323,154886,32747
3325,154886,40117
3327,154886,20929
3330,154886,39107
3331,154886,13517
3332,154886,46
3334,154886,35761
3335,154886,24629
3336,154886,11488
3337,154886,1313
3338,154886,46844
3340,154886,40446
3342,154886,48046
3344,154886,9580
3346,154886,41351
3348,154886,4137
3349,154886,44562
3350,154886,16378
3352,154886,9410
3356,154886,7606
3357,154886,11563
3358,154886,25230
3359,154886,11679
3361,154886,28383
3362,154886,3309
3363,154886,24615
3364,154886,8730
3365,154886,13268
3366,154886,2338
3370,154886,10914
3371,154886,48552
3374,154886,36449
3375,154886,582
3376,154886,13481
3377,154886,46097
3379,154886,7528
3380,154886,14252
3381,154886,39912
3382,154886,38287
3383,154886,4443
3384,154886,7901
3385,154886,39710
3386,154886,5077
3387,154886,1090
3388,154886,35004
3389,154886,7992
3390,154886,44548
3391,154886,11943
3392,154886,32108
3393,154886,3511
3394,154886,33184
3395,154886,7736
3396,154886,28371
3397,154886,29553
3398,154886,648
3399,154886,29646
3400,154886,30737
3401,154886,41373
3402,154886,1069
3403,2125574,47792
3404,154886,47766
3407,154886,12276
3408,154886,24852
3409,154886,42495
3410,154886,29315
3413,154886,47325
3414,154886,45188
3415,154886,43352
3418,154886,38063
3422,154886,45066
3424,154886,24852
3425,154886,28214
3426,154886,14870
3427,154886,5692
3428,154886,3599
3429,154886,29944
3432,154886,45488
3434,154886,35199
3435,154886,4704
3440,154886,9285
3442,154886,38768
3443,154886,21292
3448,154886,46802
3450,154886,44449
3452,154886,9020
3456,154886,13176
3457,154886,3480
3458,154886,2449
3461,154886,45123
3462,154886,45099
3463,154886,13176
3464,154886,45961
3465,154886,38511
3466,154886,41860
3467,154886,24838
3468,154886,27462
3469,154886,38444
3470,154886,29520
3471,154886,24567
3472,154886,7388
3473,154886,6988
3474,154886,18747
3475,154886,29723
3476,154886,29315
3477,154886,45190
3478,154886,45633
3479,154886,2852
3480,154886,47357
3481,154886,32958
3482,154886,10616
3483,154886,1447
3484,154886,22795
3485,154886,38508
3486,154886,5535
3488,154886,25745
3489,154886,18285
3490,154886,5456
3491,154886,34995
3492,154886,15424
3493,154886,32428
3494,154886,48144
3495,154886,49496
3497,154886,1313
3498,154886,40396
3499,154886,19516
3501,154886,46572
3502,154886,13966
3503,154886,8242
3504,154886,7567
3511,2335694,8859
3513,154886,39277
3514,154886,27985
3516,154886,24852
3517,154886,2536
3518,154886,25566
3527,2370142,27392
3529,154886,23044
3530,154886,29447
3531,154886,48775
3532,154886,46984
3533,154886,34706
3534,154886,1939
3535,154886,15649
3537,154886,2855
3538,154886,33198
3539,154886,28985
3540,154886,44987
3541,154886,17600
3544,154886,44116
3546,154886,30294
3547,154886,33000
3548,154886,47209
3549,154886,16616
3550,154886,9839
3552,154886,25718
3555,154886,20323
3556,154886,31557
3558,154886,21137
3559,154886,24850
3560,154886,22935
3561,154886,47672
3562,154886,41658
3563,154886,27966
3564,154886,27104
3565,154886,4605
3566,154886,24964
3569,154886,45066
3570,154886,41540
3572,154886,24852
3573,154886,7559
3575,154886,9321
3576,154886,25013
3577,154886,23765
3578,154886,11030
3579,154886,11992
3580,154886,43789
3581,154886,20114
3582,154886,11068
3583,154886,15392
3585,154886,38650
3586,154886,17794
3588,154886,21174
3591,154886,10060
3594,154886,44292
3595,154886,14129
3597,154886,27336
3599,154886,11777
3600,154886,45295
3601,154886,47526
3602,154886,32177
3603,154886,22963
3604,154886,79
3605,154886,41844
3606,154886,8277
3607,154886,6721
3608,154886,48988
3609,154886,26209
3611,154886,2452
3612,154886,37215
3613,154886,31343
3614,154886,25138
3615,154886,13176
3616,154886,43643
3617,154886,25340
3618,154886,5876
3619,154886,49488
3620,154886,45007
3621,2370567,12545
3622,154886,16290
3623,154886,5025
3624,154886,49683
3625,154886,10292
3627,154886,34969
3628,154886,38012
3630,154886,28842
3631,154886,459
3632,154886,45771
3633,154886,21709
3634,154886,44632
3636,154886,4799
3638,154886,6238
3641,154886,14462
3643,154886,42265
3644,154886,21616
3645,154886,35221
3647,154886,21903
3648,154886,21137
3649,154886,49236
3650,154886,18362
3652,154886,27845
3653,154886,3376
3654,154886,5818
3656,154886,28849
3659,154886,14947
3660,154886,45123
3662,154886,10814
3666,154886,7360
3667,154886,18382
3668,154886,33731
3669,154886,1999
3670,154886,31869
3671,2379489,27966
3672,154886,17794
3673,154886,40229
3674,154886,11914
3675,154886,44661
3676,154886,14741
3677,154886,47766
3678,154886,24954
3679,154886,22142
3680,154886,22149
3683,154886,711
3684,154886,37496
3688,154886,28537
3689,154886,43621
3690,154886,24838
3694,154886,9881
3696,154886,37971
3697,154886,34969
3700,154886,35227
3701,154886,4796
3704,154886,5084
3707,154886,25272
3710,154886,4799
3714,154886,49
3715,154886,4605
3727,2404722,21903
3728,154886,10560
3730,154886,31040
3733,154886,33303
3737,154886,33731
3738,154886,27845
3739,154886,37065
3742,154886,47626
3744,154886,24852
3747,154886,43961
3749,154886,42244
3750,154886,47893
3758,154886,32611
3759,154886,37646
3761,154886,22234
3764,154886,39739
3766,154886,39214
3767,154886,11224
3769,154886,20114
3770,154886,890
3771,154886,36070
3772,154886,48679
3781,154886,3957
3791,154886,47626
3792,154886,1940
3793,154886,24852
3794,154886,32156
3795,154886,46235
3796,154886,36316
3797,154886,39108
3798,154886,455
3800,154886,12652
3802,154886,3473
3803,154886,30935
3804,154886,22656
3805,154886,25825
3806,154886,31683
3807,154886,30695
3808,154886,5385
3809,154886,13802
3811,154886,23026
3817,154886,42450
3818,154886,37215
3819,154886,47141
3820,154886,24427
3821,154886,21709
3823,154886,25146
3824,154886,48933
3825,154886,42441
3826,154886,3177
3830,154886,46522
3831,154886,11648
3832,154886,14788
3833,154886,39408
3834,154886,22290
3835,154886,33493
3836,154886,40249
3837,154886,39322
3838,154886,38563
3839,154886,30696
3840,154886,46666
3841,154886,7644
3842,154886,42327
3845,154886,1263
3846,154886,23375
3847,154886,48118
3852,154886,21386
3853,154886,9075
3855,154886,2731
3856,154886,46129
3857,154886,45930
3858,154886,14999
3859,154886,12481
3860,154886,32573
3861,154886,19488
3862,154886,45290
3863,154886,40285
3864,154886,23313
3865,154886,41290
3866,154886,30021
3867,2490228,28805
3869,154886,24295
3872,154886,13176
3873,154886,46266
3874,154886,48957
3875,154886,33706
3876,154886,36082
3878,154886,46522
3879,154886,13242
3880,154886,4091
3884,154886,22035
3885,154886,9339
3886,154886,16797
3887,154886,37055
3888,154886,26201
3889,154886,13712
3892,154886,7559
3893,154886,39448
3894,154886,18883
3895,154886,42450
3897,154886,42397
3899,154886,47629
3901,2507361,16650
3903,154886,35628
3906,154886,21137
3907,154886,21903
3909,154886,36724
3910,154886,8277
3911,154886,47766
3913,154886,7485
3918,2545554,21449
3919,154886,39428
3920,154886,13884
3921,154886,47766
3922,154886,39301
3923,154886,7762
3924,154886,7860
3925,154886,19348
3926,154886,24184
3927,154886,15290
3928,154886,38044
3929,154886,29388
3931,154886,21115
3932,154886,43973
3933,154886,45205
3934,154886,23734
3935,154886,48634
3936,154886,15780
3937,154886,41539
3939,154886,29204
3940,154886,14168
3942,154886,32684
3943,154886,5818
3954,154886,6348
3955,154886,47209
3956,154886,37646
3958,154886,9339
3959,2601147,34358
3962,154886,46979
3970,2612877,41596
3971,154886,11365
3972,154886,19887
3973,2615875,30315
3977,154886,29447
3981,154886,35914
3983,154886,2966
3984,154886,46906
3985,154886,26738
3986,154886,33716
3988,154886,13176
3989,154886,8592
3990,154886,47766
3993,154886,7521
3995,154886,47209
3998,154886,8021
3999,154886,5250
4001,154886,22227
4003,154886,26634
4004,154886,43122
4005,154886,37646
4008,154886,23579
4009,154886,10551
4010,154886,8056
4011,154886,34942
4012,2616371,42828
4013,154886,25133
4014,154886,45617
4015,154886,6227
4016,154886,45946
4017,154886,19678
4018,154886,41983
4019,154886,14947
4020,154886,21137
4021,154886,16145
4022,154886,49235
4023,154886,5876
4024,154886,46650
4025,154886,46782
4027,154886,37158
4029,154886,7175
4030,154886,47209
4032,154886,23565
4033,154886,35202
4034,154886,24964
4035,154886,31717
4036,154886,45007
4037,154886,11250
4038,154886,44193
4039,154886,13380
4040,154886,22935
4041,154886,18027
4042,154886,3213
4043,154886,24830
4044,154886,2716
4045,154886,24253
4046,154886,16131
4047,154886,13251
4048,154886,32402
4049,154886,3898
4050,154886,45123
4051,154886,35042
4052,154886,35851
4053,154886,48697
4054,154886,32689
4055,154886,13176
4056,154886,6567
4057,154886,23028
4058,154886,5764
4059,154886,1700
4060,154886,25513
4061,154886,34688
4062,154886,12846
4063,154886,46526
4064,154886,18441
4065,154886,19895
4066,154886,8012
4067,154886,27845
4068,154886,29077
4069,154886,22474
4070,154886,35845
4071,154886,9092
4072,154886,26940
4073,154886,23165
4074,154886,43961
4076,154886,28842
4077,154886,47626
4078,154886,4138
4079,2662054,19208
4081,154886,2825
4082,154886,37646
4083,154886,21903
4084,154886,49683
4089,2693381,13914
4090,154886,3693
4091,154886,5158
4092,154886,29523
4095,2704941,18218
4096,154886,28008
4097,2760364,5456
4114,154886,47766
4115,154886,13176
4116,154886,16797
4117,154886,1476
4118,154886,33124
4119,154886,45981
4120,154886,21903
4121,154886,32177
4122,154886,21783
4123,154886,41610
4124,154886,23339
4125,154886,49683
4126,154886,5876
4127,154886,28915
4128,154886,39475
4129,154886,34126
4130,2778752,36070
4132,154886,16083
4133,154886,24852
4134,154886,5077
4135,154886,42265
4136,154886,42944
4139,154886,9076
4140,154886,11068
4141,154886,14947
4146,2780326,22935
4147,154886,18465
4148,154886,30949
4149,154886,22825
4150,154886,25705
4152,154886,6104
4153,154886,6808
4156,154886,42265
4157,154886,37511
4158,154886,16617
4159,154886,42828
4160,154886,3896
4163,154886,40063
4164,154886,4920
4184,2815125,4577
4185,154886,1511
4188,154886,14381
4189,154886,30353
4190,154886,24273
4192,154886,5077
4193,154886,44245
4194,154886,24024
4197,154886,36316
4214,2815344,35507
4215,154886,31964
4216,154886,12302
4217,154886,4883
4218,154886,24922
4219,154886,36107
4221,154886,24852
4232,154886,4605
4245,2881383,40001
4246,154886,26369
4247,154886,5479
4248,154886,11913
4249,154886,34450
4250,154886,17461
4251,154886,37687
4252,154886,16864
4254,154886,8516
4255,154886,6182
4256,154886,45200
4257,154886,5876
4261,154886,33956
4263,154886,12456
4264,154886,21833
4265,154886,30027
4266,154886,13877
4267,154886,47766
4268,154886,22935
4271,154886,17281
4282,2887822,24184
4283,154886,21195
4285,154886,9510
4286,154886,21938
4287,154886,43772
4288,154886,13176
4289,154886,8424
4290,2901836,36866
4292,154886,45445
4293,154886,10957
4295,154886,18288
4297,154886,32705
4298,154886,1035
4299,154886,23909
4300,154886,27275
4301,154886,19660
4302,154886,7693
4303,154886,47787
4304,154886,10448
4305,154886,33552
4307,154886,34079
4309,154886,38228
4310,154886,36316
4311,154886,22236
4312,154886,25718
4313,154886,31992
4315,154886,35221
4320,154886,28199
4321,154886,48717
4323,154886,17548
4325,154886,49235
4328,154886,45747
4330,154886,2536
4331,154886,32650
4334,154886,12811
4335,154886,21070
4336,154886,13870
4343,154886,3590
4344,154886,34247
4345,154886,47977
4347,154886,3696
4348,154886,19006
4350,154886,18842
4357,154886,28092
4359,154886,49191
4361,154886,47428
4366,154886,1463
4367,154886,32284
4376,2902574,27521
4377,154886,22935
4378,154886,28331
4379,2910292,34243
4381,154886,24852
4382,154886,38164
4387,154886,46676
4394,154886,21903
4402,2913230,33089
4403,154886,47943
4406,154886,30776
4408,154886,42244
4409,154886,36594
4410,154886,10753
4411,154886,24838
4435,154886,27521
4436,154886,25753
4437,154886,24838
4438,154886,45066
4439,154886,31338
4440,154886,23543
4441,154886,4920
4442,154886,43961
4443,154886,13819
4444,154886,27344
4445,154886,42768
4446,154886,21137
4447,154886,24852
4448,154886,24759
4449,154886,26209
4450,154886,28199
4451,154886,47626
4452,154886,5450
4453,154886,46906
4454,2945801,27104
4455,154886,45633
4456,154886,9058
4457,154886,26177
4458,154886,26209
4459,154886,37158
4460,154886,16070
4461,154886,20520
4462,154886,39275
4463,154886,38293
4464,154886,29974
4465,154886,8277
4466,154886,4605
4467,154886,766
4468,154886,22825
4469,154886,28373
4470,2947107,19057
4471,154886,20345
4472,154886,16797
4474,154886,45646
4476,154886,24852
4479,154886,26209
4482,154886,37524
4487,154886,47209
4496,3006666,21376
4497,154886,44632
4500,154886,19436
4501,154886,41757
4503,3011002,16773
4504,154886,34217
4505,154886,47626
4506,154886,21903
4507,154886,13176
4508,154886,25659
4509,154886,20995
4510,3066756,35731
4513,154886,16696
4514,154886,1217
4515,154886,42842
4521,154886,42342
4522,154886,19660
4523,154886,26384
4524,154886,28849
4527,154886,48023
4532,154886,34448
4533,154886,42736
4534,154886,17224
4535,154886,24964
4541,154886,35951
4544,154886,38231
4545,154886,31506
4546,3114359,1202
4547,154886,24852
4548,154886,27966
4549,3134631,33120
4550,154886,46979
4552,154886,21903
4553,154886,16083
4554,154886,47766
4556,154886,30776
4557,154886,20842
4558,154886,28204
4559,154886,28851
4560,154886,27705
4561,154886,44632
4562,154886,44371
4563,154886,8424
4564,154886,13176
4565,154886,18027
4566,154886,26604
4567,154886,46676
4568,154886,47144
4569,154886,46667
4571,154886,26738
4572,154886,44021
4573,154886,7021
4574,154886,28849
4577,154886,13829
4579,154886,34137
4580,154886,5373
4582,154886,39877
4583,154886,24964
4585,154886,47621
4586,154886,21938
4587,154886,27104
4588,154886,20127
4589,154886,38456
4590,154886,17461
4591,154886,35547
4592,154886,42342
4593,154886,12597
4594,154886,21847
4595,154886,35749
4596,154886,41065
4597,154886,45007
4598,154886,39475
4599,154886,29871
4600,3174058,39108
4602,154886,21386
4603,154886,5258
4609,3204918,35561
4610,154886,25890
4611,154886,13535
4613,154886,49235
4614,3233579,32655
4615,154886,4421
4616,154886,13646
4619,154886,37646
4620,154886,16797
4625,154886,23044
4626,154886,29544
4627,154886,17579
4628,154886,37388
4637,3236465,41649
4639,154886,32433
4643,154886,39984
4644,154886,34358
4645,154886,14870
4646,154886,49478
4651,154886,49683
4652,154886,42139
4654,154886,41319
4657,154886,9675
4659,154886,10880
4663,154886,46969
4664,154886,36192
4665,154886,39168
4666,154886,47531
4668,154886,25946
4669,154886,43327
4672,154886,44479
4675,154886,1360
4677,154886,5479
4678,154886,8859
4680,154886,44460
4681,154886,33198
4683,154886,22827
4685,154886,2087
4686,154886,33921
4687,154886,14858
4688,154886,14715
4689,3258187,26209
4690,154886,24964
4693,154886,47626
4694,154886,35504
4696,154886,21903
4698,154886,11712
4700,154886,21616
4713,154886,5450
4714,154886,39877
4719,3266854,27104
4720,154886,4962
4721,154886,20904
4722,154886,9390
4724,154886,38544
4725,154886,11440
4726,154886,24852
4727,154886,34358
4728,154886,9689
4729,154886,16154
4730,154886,5918
4731,154886,48230
4732,154886,45066
4734,154886,16349
4735,154886,14814
4736,154886,20549
4737,154886,24489
4738,154886,7854
4744,154886,43249
4745,154886,41751
4749,154886,25659
4750,154886,49351
4751,154886,42768
4752,154886,4605
4753,154886,14211
4754,154886,19660
4755,154886,39468
4756,154886,47888
4757,154886,31504
4758,154886,8574
4759,154886,16145
4760,154886,17170
4761,154886,34969
4762,154886,43802
4763,154886,25890
4764,154886,11182
4765,154886,8912
4766,154886,17652
4767,154886,5114
4768,154886,47626
4769,154886,22922
4770,154886,27280
4771,154886,23734
4772,154886,41787
4773,154886,37220
4774,154886,36086
4775,154886,18413
4776,154886,28342
4777,154886,47763
4778,154886,27178
4779,154886,21436
4780,154886,17634
4781,154886,5618
4782,154886,46807
4784,154886,17794
4785,154886,1804
4786,154886,10768
4789,154886,11030
4790,154886,37276
4791,154886,46496
4792,154886,44837
4794,154886,11737
4795,154886,19677
4796,154886,47209
4798,154886,31343
4799,154886,18418
4800,154886,40691
4801,154886,7412
4802,154886,43122
4805,154886,34448
4808,154886,9881
4809,154886,21162
4811,154886,35633
4812,154886,10301
4813,154886,27845
4816,154886,49113
4817,154886,23516
4818,154886,44912
4820,154886,26738
4821,154886,28278
4834,154886,13176
4846,3298322,16768
4847,154886,28517
4849,154886,16262
4850,154886,28157
4851,3302773,38928
4852,154886,37710
4853,154886,31759
4854,3314620,13249
4855,154886,40706
4857,154886,37825
4858,154886,2344
4859,154886,6187
4860,154886,39275
4861,154886,21137
4862,154886,43122
4863,154886,49683
4864,154886,47766
4865,154886,13176
4866,154886,30489
4867,154886,46906
4868,154886,46654
4869,154886,38944
4871,154886,12941
4872,154886,34448
4873,154886,10006
4874,154886,43961
4875,154886,24799
4878,154886,28465
4879,154886,5876
4880,154886,8309
4883,154886,7175
4885,154886,30391
4888,154886,46979
4889,154886,42450
4891,154886,21616
4893,154886,2295
4898,154886,30252
4899,154886,45007
4901,154886,7503
4903,154886,41690
4904,154886,14267
4905,154886,39877
4906,154886,34214
4907,154886,22825
4908,154886,5134
4909,154886,49267
4912,154886,14992
4913,154886,26940
4914,154886,16145
4917,154886,10621
4918,154886,19048
4919,154886,2086
4920,154886,5371
4922,154886,11132
4923,154886,32557
4924,154886,35221
4926,154886,18362
4928,154886,20463
4940,154886,40772
4943,154886,30233
4944,154886,16953
4946,154886,44422
4947,154886,47626
4948,154886,38226
4949,154886,210
4950,154886,9076
4951,154886,34358
4952,154886,47766
4953,154886,13176
4954,154886,35547
4956,154886,34126
4959,154886,17461
4960,154886,17948
4963,154886,20114
4969,154886,1360
4971,154886,46676
4974,154886,28934
4994,3369265,21386
4995,154886,37919
4996,154886,8953
4997,154886,13259
4998,154886,6758
4999,154886,23288
5000,3374675,18880
5001,154886,24231
5003,154886,34329
5008,154886,48131
5011,154886,26534
5013,154886,27673
5015,154886,40332
5017,154886,27086
5018,3375005,24184
5019,154886,31553
5020,154886,28842
5021,154886,47752
5022,154886,17263
5023,154886,5618
5024,154886,10492
5026,154886,34358
5028,3375937,46820
5029,154886,21709
5030,154886,44560
5031,154886,2386
5033,154886,10070
5034,154886,44632
5035,154886,30233
5036,154886,30561
5038,154886,15399
5039,154886,22151
5041,154886,12442
5042,154886,24062
5044,154886,27344
5062,154886,34270
5063,3409639,8193
5064,154886,17794
5065,154886,5337
5066,154886,7493
5067,154886,5959
5070,154886,12857
5071,154886,20114
5072,154886,49683
5073,154886,22035
5074,154886,13176
5075,154886,30489
5077,154886,14947
5079,154886,40723
5080,154886,39578
5082,154886,17630
5085,154886,8424
5087,154886,28842
5090,154886,21137
5091,154886,47766
5092,154886,28849
5093,154886,26683
5097,154886,30442
5110,154886,18382
5111,154886,21903
5114,154886,24852
5120,154886,34927
5121,154886,31927
5124,154886,32734
5125,3410793,23729
